FID,PRECINCT,SHAPE_Length,SHAPE_Area
1,1,0.16309454226909,0.00102367915020773
2,2,0.284466367187144,0.00372697872927939
3,3,0.33317989878812,0.00488796014038405
4,4,0.291072569988497,0.00325933003448627
5,5,0.278926336340347,0.00406884052207118
